<?xml version="1.0" standalone="yes"?>
<Recordset>
  <xs:schema id="Recordset" xmlns="" xmlns:xs="http://www.w3.org/2001/XMLSchema" xmlns:msdata="urn:schemas-microsoft-com:xml-msdata">
    <xs:element name="Recordset" msdata:IsDataSet="true" msdata:MainDataTable="DTLABELS" msdata:UseCurrentLocale="true">
      <xs:complexType>
        <xs:choice minOccurs="0" maxOccurs="unbounded">
          <xs:element name="DTLABELS">
            <xs:complexType>
              <xs:sequence>
                <xs:element name="LID" type="xs:int" minOccurs="0" />
                <xs:element name="TXID" type="xs:int" minOccurs="0" />
                <xs:element name="ORDERNO" type="xs:decimal" minOccurs="0" />
                <xs:element name="LABEL" type="xs:string" minOccurs="0" />
                <xs:element name="CONTROLTYPE" type="xs:int" minOccurs="0" />
                <xs:element name="FIELDLENGTH" type="xs:int" minOccurs="0" />
                <xs:element name="DEFAULTTEXT" type="xs:string" minOccurs="0" />
              </xs:sequence>
            </xs:complexType>
          </xs:element>
        </xs:choice>
      </xs:complexType>
    </xs:element>
  </xs:schema>
  <DTLABELS>
    <LID>80</LID>
    <TXID>8</TXID>
    <ORDERNO>3</ORDERNO>
    <LABEL>Shell Lot (optional)</LABEL>
    <CONTROLTYPE>16</CONTROLTYPE>
    <FIELDLENGTH>12</FIELDLENGTH>
    <DEFAULTTEXT />
  </DTLABELS>
  <DTLABELS>
    <LID>79</LID>
    <TXID>8</TXID>
    <ORDERNO>2</ORDERNO>
    <LABEL>Employee (optional)</LABEL>
    <CONTROLTYPE>16</CONTROLTYPE>
    <FIELDLENGTH>5</FIELDLENGTH>
    <DEFAULTTEXT />
  </DTLABELS>
  <DTLABELS>
    <LID>78</LID>
    <TXID>8</TXID>
    <ORDERNO>1</ORDERNO>
    <LABEL>Operation (JSS)</LABEL>
    <CONTROLTYPE>16</CONTROLTYPE>
    <FIELDLENGTH>17</FIELDLENGTH>
    <DEFAULTTEXT />
  </DTLABELS>
  <DTLABELS>
    <LID>175</LID>
    <TXID>8</TXID>
    <ORDERNO>5</ORDERNO>
    <LABEL>Close?</LABEL>
    <CONTROLTYPE>2</CONTROLTYPE>
    <FIELDLENGTH>0</FIELDLENGTH>
    <DEFAULTTEXT>Unchecked</DEFAULTTEXT>
  </DTLABELS>
  <DTLABELS>
    <LID>174</LID>
    <TXID>8</TXID>
    <ORDERNO>4</ORDERNO>
    <LABEL>Qty</LABEL>
    <CONTROLTYPE>16</CONTROLTYPE>
    <FIELDLENGTH>6</FIELDLENGTH>
    <DEFAULTTEXT />
  </DTLABELS>
</Recordset>